"nazwisko","party","votes_2007","votes_2011","percent_2007","percent_2011","position_2007","position_2011","mandate_2007","mandate_2011","district","l_os_lista2007","l_os_lista2011","o_ile","o_ile_procent","id","gender","mandat_2007","liczba","liczba_osob","partia_dummy","position_change_new"
"HUSKOWSKI Stanisław",2,9584,7164,1.72,1.44,7,7,1,1,3,28,28,0,-0.28,418,0,1,1,136,0,0
"GRAŚ Paweł",2,35779,36992,13.37,15.45,1,1,1,1,12,15,16,0,2.08,483,0,1,1,136,0,0
"KRUK Elżbieta Małgorzata",1,53474,30048,10.66,6.53,1,1,1,1,6,30,30,0,-4.13,285,1,1,1,136,1,0
"SCHETYNA Grzegorz",2,54345,61670,13.43,19.66,1,1,1,1,1,24,24,0,6.23,402,0,1,1,136,0,0
"ŁATAS Marek",1,16169,12466,6.04,5.21,3,3,1,1,12,16,16,0,-0.83,329,0,1,1,136,1,0
"ZDROJEWSKI Bogdan",2,213883,149962,38.46,30.2,1,1,1,1,3,28,28,0,-8.26,414,0,1,1,136,0,0
"GAWŁOWSKI Stanisław",2,24597,27047,21.74,12.58,1,1,1,1,40,16,16,0,-9.16,250,0,1,1,136,0,0
"OŻÓG Stanisław",1,38687,37160,16.27,8.13,2,2,1,1,23,30,30,0,-8.14,16,0,1,1,136,1,0
"PIETRASZEWSKA Danuta Róża",2,22790,25496,9.84,6.33,2,2,1,1,31,23,24,0,-3.51,193,1,1,1,136,0,0
"ŁAPIŃSKI Marek",2,2596,6357,0.47,1.28,9,9,2,1,3,28,28,0,0.81,420,0,0,1,136,0,0
"HOC Czesław",1,18309,19942,34.44,9.27,1,1,1,1,40,16,16,0,-25.17,111,0,1,1,136,1,0
"FABISIAK Joanna",2,7552,6739,0.66,0.66,4,4,1,1,19,38,40,0,0,520,1,1,1,136,0,0
"AUGUSTYN Urszula",2,10480,9724,3.73,3.77,2,2,1,1,15,18,18,0,0.04,500,1,1,1,136,0,0
"KŁOSOWSKI Sławomir",1,13357,14165,15.84,4.43,2,2,1,1,21,26,24,0,-11.41,3,0,1,1,136,1,0
"ŚLEDZIŃSKA-KATARASIŃSKA Iwona",2,28516,16279,6.75,4.49,2,2,1,1,9,20,20,0,-2.26,463,1,1,1,136,0,0
"CZARNECKI Witold",1,18137,10201,20.83,3.89,1,1,1,1,37,17,18,0,-16.94,101,0,1,1,136,1,0
"NOWAK Tomasz Piotr",2,28279,24346,27.8,9.3,1,1,1,1,37,18,18,0,-18.5,231,0,1,1,136,0,0
"PIECHOTA Sławomir Jan",2,13345,11750,2.4,2.37,3,3,1,1,3,28,28,0,-0.0299999999999998,415,0,1,1,136,0,0
"MALIK Ewa",1,32231,25214,39.61,8.99,1,1,1,1,32,18,18,0,-30.62,72,1,1,1,136,1,0
"SZWED Stanisław",1,42604,32416,34.89,10.41,1,1,1,1,27,18,18,0,-24.48,46,0,1,1,136,1,0
"STANKE Piotr Jerzy",1,8824,8764,5.69,1.93,6,6,1,2,26,28,28,0,-3.76,39,0,1,1,136,1,0
"TERLECKI Ryszard",1,4246,14726,0.76,2.91,3,3,1,1,13,26,28,0,2.15,333,0,1,1,136,1,0
"WÓJCIK Marek Krzysztof",2,8870,10753,3.83,2.67,5,5,1,1,31,23,24,0,-1.16,196,0,1,1,136,0,0
"GOSIEWSKA Małgorzata Maria",1,1776,8129,0.15,0.8,3,3,2,1,19,38,40,0,0.65,384,1,0,1,136,1,0
"KACZYŃSKI Jarosław Aleksander",1,273684,202297,23.88,19.88,1,1,1,1,19,38,40,0,-4,383,0,1,1,136,1,0
"PODMOKŁY Jerzy",1,3615,4510,5.57,1.73,4,4,2,2,38,18,18,0,-3.84,107,0,0,1,136,1,0
"SADEK Iwona Józefa",2,2490,1239,2.42,0.55,6,6,2,2,28,14,14,0,-1.87,177,1,0,1,136,0,0
"NOWAK Sławomir Ryszard",2,65993,65629,25.57,15.8,1,1,1,1,25,24,24,0,-9.77,155,0,1,1,136,0,0
"RYNASIEWICZ Zbigniew Francisze",2,28690,27510,20.99,6.02,1,1,1,1,23,30,30,0,-14.97,139,0,1,1,136,0,0
"HENCZYCA Bożena Katarzyna",2,3921,3199,2.63,0.94,5,5,2,2,36,24,24,0,-1.69,226,1,0,1,136,0,0
"OLECHOWSKA Alicja Danuta",2,6461,10884,1.4,2.42,4,4,1,1,20,21,23,0,1.02,533,1,1,1,136,0,0
"SZPULAK Irena",1,901,436,1.69,0.2,15,15,2,2,40,16,16,0,-1.49,115,1,0,1,136,1,0
"KRASULSKI Leonard Seweryn",1,17184,12790,30.71,6.54,1,1,1,1,34,16,16,0,-24.17,87,0,1,1,136,1,0
"BRUDZIŃSKI Joachim Stanisław",1,33237,38700,31.49,10.16,1,1,1,1,41,26,24,0,-21.33,117,0,1,1,136,1,0
"ROGACKI Adam Maksym",1,17206,14903,16.82,4.4,2,2,1,1,36,24,23,0,-12.42,96,0,1,1,136,1,0
"KO__LAKIEWICZ Mirosław",2,10770,11000,3.51,3.98,2,2,1,1,16,18,18,0,0.47,505,0,1,1,136,0,0
"STOLARCZYK Jarosław Piotr",2,4379,3919,1.04,1.08,20,20,2,2,9,20,20,0,0.04,469,0,0,1,136,0,0
"CZERWIŃSKI Andrzej",2,24708,16723,8.29,6,1,1,1,1,14,18,20,0,-2.29,495,0,1,1,136,0,0
"POŚLEDNIA Krystyna",2,9020,8714,8.86,3.33,4,4,1,1,37,18,18,0,-5.53,232,0,1,1,136,0,0
"HOFMAN Adam",1,15824,24047,18.18,9.18,2,2,1,1,37,17,18,0,-9,103,0,1,1,136,1,0
"CZUMA Andrzej",2,4344,2433,0.38,0.24,6,6,1,2,19,38,40,0,-0.14,521,0,1,1,136,0,0
"SZTOLCMAN Grzegorz Czesław",2,12701,8926,12.37,3.98,3,3,1,1,28,14,14,0,-8.39,178,0,1,1,136,0,0
"PATALITA Tadeusz",2,6968,6422,2.34,2.3,4,4,2,2,14,18,20,0,-0.04,497,0,0,1,136,0,0
"TOMCZYKIEWICZ Tomasz Kazimierz",2,41035,57323,28,14.23,1,1,1,1,31,18,24,0,-13.77,535,1,1,1,136,0,0
"LATOS Tomasz Edward",1,17751,20308,4.24,5.52,2,2,1,1,4,24,24,0,1.28,274,0,1,1,136,1,0
"MULARCZYK Arkadiusz",1,47929,45801,16.09,16.43,1,1,1,1,14,18,20,0,0.34,341,0,1,1,136,1,0
"LITWIŃSKI Arkadiusz",2,19827,9396,9.22,2.47,3,3,1,1,41,26,23,0,-6.75,259,0,1,1,136,0,0
"HANAJCZYK Agnieszka",2,15050,16484,3.94,4.85,2,2,1,1,11,24,24,0,0.91,475,1,1,1,136,0,0
"BOGUCKI Jacek",1,13236,10927,7.39,2.55,5,5,1,1,24,30,28,0,-4.84,21,0,1,1,136,1,0
"BIERNACKI Marek",2,84157,66019,32.74,14.55,1,1,1,1,26,28,28,0,-18.19,161,0,1,1,136,0,0
"CIEŚLIŃSKI Piotr",2,4687,15547,4.68,10,2,2,1,1,34,16,16,0,5.32,211,0,1,1,136,0,0
"BURDZIAK Józef",1,2424,1948,2.48,0.69,7,7,2,2,29,20,18,0,-1.79,52,0,0,1,136,1,0
"KOWALCZYK Henryk",1,13600,13713,3.69,4.01,4,4,1,1,18,24,24,0,0.32,378,0,1,1,136,1,0
"KACZOR Roman",2,3175,5307,0.57,1.07,13,13,2,1,3,28,28,0,0.5,421,0,0,1,136,0,0
"PIECHA Bolesław Grzegorz",1,44052,34520,40.13,13.07,1,1,1,1,30,18,18,0,-27.06,59,0,1,1,136,1,0
"MATUSZEWSKI Marek",1,12777,16207,3.34,4.77,2,2,1,1,11,24,24,0,1.43,321,0,1,1,136,1,0
"KOSTUCH Urszula Helena",1,1437,976,2.7,0.45,16,16,2,2,40,16,16,0,-2.25,112,1,0,1,136,1,0
"KOWALIK Jerzy",1,2706,1765,0.65,0.48,13,13,2,2,4,24,24,0,-0.17,277,0,0,1,136,1,0
"SOBIERAJSKI Czesław Stanisław",1,6209,2097,5.65,0.79,5,5,2,2,30,18,18,0,-4.86,60,0,0,1,136,1,0
"GŁOGOWSKI Tomasz Marian",2,20744,15649,12.67,5.57,4,4,1,1,29,20,18,0,-7.1,182,0,1,1,136,0,0
"NEUMANN Sławomir Arkadiusz",2,11742,14346,4.54,3.45,6,6,1,1,25,24,24,0,-1.09,154,0,1,1,136,0,0
"RUTKOWSKA Dorota",2,9137,10268,3.13,3.93,3,3,2,1,10,18,18,0,0.8,471,1,0,1,136,0,0
"KIDAWA-BŁOŃSKA Małgorzata Mari",2,13057,45027,1.14,4.42,2,2,1,1,19,38,40,0,3.28,519,1,1,1,136,0,0
"KURZĘPA Jacek Sławomir",1,3027,5402,0.77,1.62,6,6,2,2,8,24,24,0,0.85,304,0,0,1,136,1,0
"MATERNA Jerzy",1,14597,12868,3.7,3.87,3,3,1,1,8,24,24,0,0.17,303,0,1,1,136,1,0
"ARENT Iwona Ewa",1,7187,11955,9.94,4.6,2,2,1,1,35,20,19,0,-5.34,89,1,1,1,136,1,0
"BOJKO Bogdan",2,12205,4391,3.1,1.32,4,4,1,2,8,23,24,0,-1.78,457,0,1,1,136,0,0
"SYCZ Miron",2,9075,8884,9.07,4.54,6,6,1,1,34,16,16,0,-4.53,215,0,1,1,136,0,0
"BIERNAT Andrzej",2,36278,25721,3.49,7.57,1,1,1,1,11,24,24,0,4.08,474,0,1,1,136,0,0
"KULESZA Tomasz Jerzy",2,9296,6976,9.6,2.34,2,2,1,2,22,22,22,0,-7.26,129,0,1,1,136,0,0
"LIPIEC Krzysztof Bogdan",1,4525,6774,2.39,1.56,5,5,1,1,33,32,32,0,-0.83,82,0,1,1,136,1,0
"SZLITKUS Grzegorz Wojciech",1,460,297,0.12,0.08,22,22,2,2,5,26,26,0,-0.04,284,0,0,1,136,1,0
"MATUSIK-LIPIEC Katarzyna",2,15130,22178,2.7,4.38,2,2,1,1,13,25,28,0,1.68,488,1,1,1,136,0,0
"ORZECHOWSKI Maciej Bolesław",2,14940,14123,10.02,4.17,4,4,1,1,36,24,24,0,-5.85,227,0,1,1,136,0,0
"MICHAŁKIEWICZ Krzysztof Stefan",1,11250,11816,2.24,2.57,2,2,1,1,6,30,30,0,0.33,286,0,1,1,136,1,0
"CZESAK Edward",1,17944,18787,6.38,7.28,2,2,1,1,15,18,18,0,0.9,353,0,1,1,136,1,0
"OPIOŁA Marek",1,14709,9545,4.79,3.45,2,2,1,1,16,20,20,0,-1.34,361,0,1,1,136,1,0
"MACIEREWICZ Antoni",1,40055,41871,13.72,16.03,1,1,1,1,10,18,17,0,2.31,314,0,1,1,136,1,0
"ZAKRZEWSKA Jadwiga Teresa",2,7593,11383,1.65,2.53,3,3,1,1,20,21,23,0,0.88,532,1,1,1,136,0,0
"MACHAŁEK Marzena Anna",1,11109,11812,2.75,3.43,3,3,1,1,1,24,24,0,0.68,266,1,1,1,136,1,0
"TOMCZYK Cezary",2,8169,12748,2.14,3.75,3,3,1,1,11,24,24,0,1.61,476,0,1,1,136,0,0
"PITERA Julia Teresa",2,42669,29095,13.9,10.52,1,1,1,1,16,18,18,0,-3.38,504,1,1,1,136,0,0
"KUCHCIŃSKI Marek Tadeusz",1,35060,23128,24.02,7.76,1,1,1,1,22,22,22,0,-16.26,8,0,1,1,136,1,0
"ŻMIJAN Stanisław",2,17606,14202,5.01,4.47,1,1,1,1,7,24,24,0,-0.54,450,0,1,1,136,0,0
"GWIAZDA Anna Teresa",1,2675,5738,2.09,1.38,8,8,2,2,25,24,23,0,-0.71,30,1,0,1,136,1,0
"WITEK Elżbieta Barbara",1,9666,9381,2.39,2.73,2,2,1,2,1,24,24,0,0.34,265,1,1,1,136,1,0
"TCHÓRZEWSKI Krzysztof Józef",1,22413,22787,6.09,6.66,2,2,1,1,18,24,24,0,0.57,376,0,1,1,136,1,0
"KORZENIOWSKI Leszek Sylwester",2,35912,30454,20.91,9.53,1,1,1,1,21,26,24,0,-11.38,122,0,1,1,136,0,0
"ROZPONDEK Halina Leokadia",2,42951,23722,41.86,10.57,1,1,1,1,28,14,14,0,-31.29,175,1,1,1,136,0,0
"SUSKI Marek",1,29497,17251,10.36,6.67,1,1,1,1,17,18,18,0,-3.69,369,0,1,1,136,1,0
"KRUPA Jacek",2,7293,5018,1.3,0.99,6,6,1,2,13,25,28,0,-0.31,491,0,1,1,136,0,0
"MASŁOWSKA Gabriela",1,18743,17777,3.74,3.86,5,5,1,1,6,30,30,0,0.12,289,1,1,1,136,1,0
"TUSK Donald Franciszek",2,534241,374920,46.62,36.84,1,1,1,1,19,38,40,0,-9.77999999999999,518,0,1,1,136,0,0
"SZLACHTA Andrzej",1,16319,13717,6.85,3,4,4,1,1,23,30,30,0,-3.85,19,0,1,1,136,1,0
"SZCZYPIŃSKA Jolanta Irena",1,47996,19819,35.89,4.37,1,1,1,1,26,28,28,0,-31.52,40,1,1,1,136,1,0
"SIKORSKI Radosław Tomasz",2,117291,91720,28,24.95,1,1,1,1,4,24,24,0,-3.05,425,0,1,1,136,0,0
"GORA Stefan Marian",2,5218,3827,1.42,1.12,8,8,2,2,18,22,23,0,-0.3,516,0,0,1,136,0,0
"NOWAK Maria Teresa",1,9718,10820,6.62,2.69,3,3,1,1,31,24,24,0,-3.93,63,1,1,1,136,1,0
"DROZD Ewa",2,19908,14205,4.92,4.13,2,2,1,1,1,24,24,0,-0.79,403,1,1,1,136,0,0
"KOPACZ Ewa Bożena",2,39155,41554,13.75,16.07,1,1,1,1,17,18,18,0,2.32,508,1,1,1,136,0,0
"ZUBA Maria",1,3492,6222,1.85,1.44,3,3,1,1,33,32,32,0,-0.41,85,1,1,1,136,1,0
"KATULSKI Jarosław Paweł",2,7514,5872,1.79,1.6,4,4,1,1,4,24,24,0,-0.19,428,0,1,1,136,0,0
"AST Marek",1,21184,12598,5.37,3.79,1,1,1,1,8,24,24,0,-1.58,301,0,1,1,136,1,0
"KOSECKI Roman Jacek",2,6847,4603,0.6,0.45,10,10,1,1,19,38,40,0,-0.15,522,0,1,1,136,0,0
"PACELT Zbigniew",2,8455,8842,6.26,2.04,3,3,1,1,33,32,32,0,-4.22,208,0,1,1,136,0,0
"ŻOK Krystyna Teresa",2,2350,1640,2.31,0.63,10,10,2,2,37,18,18,0,-1.68,234,1,0,1,136,0,0
"WITKOWSKI Radosław",2,8229,7285,2.89,2.82,2,2,1,1,17,18,18,0,-0.0700000000000003,509,0,1,1,136,0,0
"CZECHYRA Czesław Jan",2,6871,4347,2.41,1.68,3,3,1,1,17,18,18,0,-0.73,510,0,1,1,136,0,0
"FEDOROWICZ Jerzy Feliks",2,15649,28383,2.79,5.6,4,4,1,1,13,25,28,0,2.81,490,0,1,1,136,0,0
"MROCZEK Czesław",2,33207,22985,9.02,6.71,1,1,1,1,18,22,23,0,-2.31,512,0,1,1,136,0,0
"KOCHAN Magdalena Maria",2,17052,14198,7.93,3.73,2,2,1,2,41,26,23,0,-4.2,256,1,1,1,136,0,0
"DRAB Marzenna Stefania",1,7396,4782,1.88,1.36,4,4,1,2,5,26,26,0,-0.52,282,1,1,1,136,1,0
"RADZISZEWSKA Elżbieta",2,33480,19269,11.47,7.38,1,1,1,1,10,18,18,0,-4.09,470,1,1,1,136,0,0
"KOZACZYŃSKI Jacek",2,8989,6804,2.44,1.99,2,2,1,1,18,22,23,0,-0.45,513,0,1,1,136,0,0
"RZĄSA Marek Zdzisław",2,8050,9204,8.32,3.09,3,3,1,1,22,22,22,0,-5.23,131,0,1,1,136,0,0
"GAŻA Grzegorz Krzysztof",1,6230,5731,5.1,1.84,7,7,2,2,27,18,18,0,-3.26,43,0,0,1,136,1,0
"SAPIŃSKA Daria Krystyna",2,4558,3188,3.05,0.74,10,10,2,2,24,30,28,0,-2.31,147,1,0,1,136,0,0
"RAFALSKA Elżbieta",1,16922,14812,4.29,4.45,2,2,1,1,8,24,24,0,0.16,302,1,1,1,136,1,0
"AZIEWICZ Tadeusz",2,17275,14013,6.72,3.09,2,2,1,1,26,28,28,0,-3.63,160,0,1,1,136,0,0
"WYKRĘT Adam",2,10180,9069,7.06,2.91,4,4,1,2,27,18,18,0,-4.15,172,0,1,1,136,0,0
"DUNIN Artur Jerzy",2,7868,9595,2.06,2.82,24,24,1,1,11,24,24,0,0.76,482,0,1,1,136,0,0
"ANDZEL Waldemar Franciszek",1,10121,10328,12.43,3.68,2,2,1,1,32,18,18,0,-8.75,69,0,1,1,136,1,0
"JASIŃSKI Wojciech Stefan",1,30702,26125,10,9.45,1,1,1,1,16,20,20,0,-0.550000000000001,360,0,1,1,136,1,0
"BRODNIAK Roman",2,10191,5688,2.52,1.65,5,5,1,2,1,24,24,0,-0.87,405,0,1,1,136,0,0
"PLUTA Mirosław Stanisław",2,9342,12812,6.83,2.8,5,5,1,1,23,30,30,0,-4.03,138,0,1,1,136,0,0
"LIPIŃSKI Adam",1,32303,25523,7.98,7.42,1,1,1,2,1,24,24,0,-0.56,264,0,1,1,136,1,0
"RUTNICKI Jakub Adam",2,18590,19784,14.86,7.61,2,2,1,1,38,18,18,0,-7.25,238,0,1,1,136,0,0
"DOLATA Zbigniew",1,13763,11939,15.81,4.56,3,3,1,1,37,17,18,0,-11.25,102,0,1,1,136,1,0
"SKOWROŃSKA Krystyna",2,33557,25174,24.55,5.5,2,2,1,1,23,30,30,0,-19.05,140,1,1,1,136,0,0
"SZEJNFELD Adam Stanisław",2,57343,45764,45.86,17.6,1,1,1,1,38,18,18,0,-28.26,239,0,1,1,136,0,0
"CZARNECKI Krzysztof Władysław",1,6659,6111,10.26,2.35,3,3,2,2,38,18,18,0,-7.91,105,0,0,1,136,1,0
"GRAD Aleksander",2,29842,23671,10.61,9.18,1,1,1,1,15,18,18,0,-1.43,499,0,1,1,136,0,0
"POLAK Marek Władysław",1,12549,6341,4.69,2.65,4,4,1,1,12,16,16,0,-2.04,330,0,1,1,136,1,0
"SELIGA Dariusz Michał",1,14393,8129,4.93,3.11,2,2,1,1,10,18,17,0,-1.82,315,0,1,1,136,1,0
"BĄK Dariusz",1,16012,10217,5.62,3.95,5,5,1,1,17,18,18,0,-1.67,371,0,1,1,136,1,0
"CZARTORYSKI Arkadiusz",1,22030,17516,5.98,5.12,3,3,1,1,18,24,24,0,-0.86,377,0,1,1,136,1,0
"TELUS Robert",1,8748,11305,3,4.33,14,4,1,1,10,18,17,10,1.33,319,0,1,1,219,1,1
"MUSIAŁ Jan",2,7705,5974,2.74,2.32,5,3,1,2,15,18,18,2,-0.42,501,0,1,1,219,0,1
"JAWORSKI Lech Włodzimierz",2,2016,1527,0.18,0.15,11,9,2,2,19,38,40,2,-0.03,523,0,0,1,219,0,1
"KLECHOWICZ Dariusz Władysław",2,833,201,0.17,0.04,30,19,2,2,6,30,30,11,-0.13,449,0,0,1,219,0,1
"BURY Jan",1,6652,5911,4.55,1.98,20,15,2,2,22,22,22,5,-2.57,5,0,0,1,219,1,1
"BŁĄDEK Antoni",1,10642,9631,4.47,2.11,30,8,1,2,23,30,30,22,-2.36,11,0,1,1,219,1,1
"PIECHULA Stanisław Maksymilian",2,9575,9381,7.09,3.55,18,17,2,2,30,18,18,1,-3.54,188,0,0,1,219,0,1
"ZACHAREWICZ Jacek Paweł",2,9579,8857,3.28,3.39,4,2,1,2,10,18,18,2,0.11,472,0,1,1,219,0,1
"KRAWCZYK Iwona",2,6911,5682,1.71,1.65,13,7,2,2,1,24,24,6,-0.06,406,1,0,1,219,0,1
"KOSSAKOWSKI Wojciech",1,4043,5548,5.59,2.13,5,4,2,2,35,20,19,1,-3.46,90,0,0,1,219,1,1
"GIERADA Artur Daniel",2,10355,11679,7.67,2.7,5,4,1,1,33,32,32,1,-4.97,205,0,1,1,219,0,1
"KOPEĆ Maciej Stanisław",1,2223,1516,2.1,0.4,18,15,2,2,41,26,24,3,-1.7,120,0,0,1,219,1,1
"PIOTROWSKA Jolanta",2,5519,5669,4.07,2.18,19,9,2,2,35,20,20,10,-1.89,223,1,0,1,219,0,1
"POMASKA Agnieszka Dominika",2,9495,16117,3.67,3.88,8,4,1,1,25,24,24,4,0.21,158,1,1,1,219,0,1
"WO__NIAK-SIONEK Elżbieta",1,2677,2538,0.73,0.74,14,8,2,2,18,24,24,6,0.01,382,1,0,1,219,1,1
"GŁUCHOWSKI Krzysztof",1,8584,8438,1.71,1.83,11,9,2,2,6,30,30,2,0.12,292,0,0,1,219,1,1
"DĄBROWSKA Alicja",2,2885,4622,0.25,0.45,17,14,1,1,19,38,40,3,0.2,526,1,1,1,219,0,1
"OŚWIĘCIMSKI Konstanty Tomasz",2,7975,7459,3.71,1.96,7,5,2,1,41,26,23,2,-1.75,260,0,0,1,219,0,1
"DOLCZEWSKI Dariusz Dominik",2,800,1737,0.07,0.17,23,12,2,2,19,38,40,11,0.1,529,0,0,1,219,0,1
"ARKIT Tadeusz",2,9836,12458,3.67,5.2,6,2,1,1,12,15,16,4,1.53,485,0,1,1,219,0,1
"KAMIŃSKA Anna Bogda",1,2743,1325,0.65,0.37,11,8,2,2,9,20,20,3,-0.28,313,1,0,1,219,1,1
"WIELICHOWSKA Monika",2,5877,10589,2.17,4.7,6,4,1,1,2,15,16,2,2.53,412,1,1,1,219,0,1
"MAŁECKI Maciej",1,5924,9757,1.93,3.53,10,8,2,1,16,20,20,2,1.6,366,0,0,1,219,1,1
"STANKIEWICZ Arkadiusz Andrzej",1,912,607,0.89,0.18,12,9,2,2,36,24,23,3,-0.71,98,0,0,1,219,1,1
"KIERWIŃSKI Marcin Piotr",2,1403,3580,0.12,0.35,13,5,2,1,19,38,40,8,0.23,525,0,0,1,219,0,1
"KA__MIERCZAK Jan Piotr",2,7641,8155,4.66,2.9,7,6,1,1,29,20,18,1,-1.76,183,0,1,1,219,0,1
"DOBRZYŃSKI Leszek",1,5611,6107,5.31,1.6,3,2,1,1,41,26,24,1,-3.71,118,0,1,1,219,1,1
"MŁYŃCZAK Aldona",2,5420,4855,0.97,0.98,5,4,1,2,3,28,28,1,0.01,417,1,1,1,219,0,1
"SMOLARZ Tomasz",2,8208,9893,3.03,4.39,4,3,1,1,2,15,16,1,1.36,411,0,1,1,219,0,1
"BARTOSIK Ryszard",1,6342,4274,7.28,1.63,8,6,2,2,37,17,18,2,-5.65,99,0,0,1,219,1,1
"BINDER Piotr Jan",2,2167,1549,0.57,0.46,11,8,2,2,11,24,24,3,-0.11,479,0,0,1,219,0,1
"KACZYŃSKI Leonard Zbigniew",1,5154,4485,3.51,1.11,14,13,2,2,31,24,24,1,-2.4,62,0,0,1,219,1,1
"STĘPIEŃ Joanna",2,3774,6553,2.3,2.33,15,5,2,2,29,20,18,10,0.0300000000000002,184,1,0,1,219,0,1
"POPIOŁEK Krzysztof Andrzej",1,13467,12755,5.65,2.79,11,7,1,1,23,30,30,4,-2.86,18,0,1,1,219,1,1
"ZALEWSKA Anna Elżbieta",1,10584,14999,3.9,6.65,4,2,1,1,2,16,16,2,2.75,269,1,1,1,219,1,1
"ABRAMOWICZ Adam Krzysztof",1,11970,12707,3.41,4,5,4,1,1,7,24,24,1,0.59,298,0,1,1,219,1,1
"PENCZAK Maria Karolina",1,972,558,0.33,0.21,15,10,2,2,10,18,17,5,-0.12,320,1,0,1,219,1,1
"ZIELIŃSKI Jarosław",1,21830,21015,12.19,4.9,3,2,1,1,24,30,28,1,-7.29,28,0,1,1,219,1,1
"BARAŃSKI Rafał Paweł",2,1287,1006,0.35,0.29,19,11,2,2,18,22,23,8,-0.06,517,0,0,1,219,0,1
"PIOTROWSKA Teresa",2,12558,10009,3,2.72,3,2,1,1,4,24,24,1,-0.28,427,1,1,1,219,0,1
"SOBCZYK Danuta Elżbieta",1,4589,4329,3.12,1.07,9,8,2,2,31,24,24,1,-2.05,67,1,0,1,219,1,1
"STAWIARSKI Jarosław Piotr",1,11949,10126,2.38,2.2,8,7,1,2,6,30,30,1,-0.18,290,0,1,1,219,1,1
"ZALESKI Jerzy",2,2466,1916,0.63,0.54,16,13,2,2,5,26,26,3,-0.09,440,0,0,1,219,0,1
"MAZUREK Beata",1,15821,22249,4.5,7,3,1,1,1,7,24,24,2,2.5,296,1,1,1,219,1,1
"BĘTKOWSKI Andrzej Krzysztof",1,3112,4591,1.65,1.06,7,4,1,1,33,32,32,3,-0.59,78,0,1,1,219,1,1
"MISIOŁEK Marta",1,1587,1155,0.39,0,21,17,2,2,22,22,22,4,-0.39,9,1,0,1,219,1,1
"SABAT Bartłomiej Daniel",2,2735,4544,2.66,2.02,8,5,2,2,28,14,14,3,-0.64,176,0,0,1,219,0,1
"ZAWADZKI Ryszard Józef",2,11113,10108,8.23,3.83,7,6,1,1,30,18,18,1,-4.4,190,0,1,1,219,0,1
"KAMIŃSKI Mariusz",1,11823,22675,6.6,5.29,7,4,1,1,24,30,28,3,-1.31,25,0,1,1,219,1,1
"RUSINOWSKA Beata Małgorzata",2,6915,8773,2.25,3.17,4,3,2,2,16,18,18,1,0.92,506,1,0,1,219,0,1
"SOKÓŁ Paweł",1,1921,2164,2.36,0.77,10,4,2,2,32,18,18,6,-1.59,74,0,0,1,219,1,1
"OLEJNICZAK Danuta Maria",2,11631,7303,10.28,3.4,3,2,1,2,40,16,16,1,-6.88,253,1,1,1,219,0,1
"BIEDA Robert",2,3432,1690,0.9,0.5,12,9,2,2,11,24,24,3,-0.4,480,0,0,1,219,0,1
"SZCZERBA Michał Roch",2,2372,4137,0.21,0.41,26,15,1,1,19,38,40,11,0.2,530,0,1,1,219,0,1
"SZULC Jakub Maciej",2,12310,17230,4.54,7.64,3,2,1,1,2,15,16,1,3.1,410,0,1,1,219,0,1
"WILAND Małgorzata",2,1316,512,0.43,0.19,18,10,2,2,16,18,18,8,-0.24,507,1,0,1,219,0,1
"JANCZYK Wiesław Stanisław",1,10696,13993,3.59,5.02,8,6,1,1,14,18,20,2,1.43,346,0,1,1,219,1,1
"DURKA Zenon",2,7761,7988,1.69,1.78,19,8,2,2,20,21,23,11,0.0900000000000001,534,0,0,1,219,0,1
"MIŚKO Waldemar Włodzimierz",2,4234,5606,3.74,2.61,12,10,2,2,40,16,16,2,-1.13,252,0,0,1,219,0,1
"WARDA Maria Alina",1,1816,2464,0.43,0.67,12,7,2,2,4,24,24,5,0.24,276,1,0,1,219,1,1
"ROMANEK Andrzej Stanisław",1,9273,9743,3.11,3.49,18,7,2,1,14,18,20,11,0.38,351,0,0,1,219,1,1
"GRAD Mariusz",2,9766,9962,2.78,3.13,4,2,1,1,7,24,24,2,0.35,452,0,1,1,219,0,1
"MIROWSKI Bartosz Dominik",2,332,674,0.26,0.26,16,12,2,2,38,18,18,4,0,236,0,0,1,219,0,1
"BOROWIAK Łukasz",2,9468,11545,6.35,3.41,7,3,1,1,36,24,24,4,-2.94,225,0,1,1,219,0,1
"OSUCH Jacek Piotr",1,2458,10997,0.44,2.17,25,5,1,1,13,26,28,20,1.73,339,0,1,1,219,1,1
"GALERCZYK Krzysztof Jan",1,230,260,0.06,0.08,23,22,2,2,8,24,24,1,0.02,308,0,0,1,219,1,1
"LESZCZYNA Izabela Dorota",2,11617,18737,11.32,8.35,4,2,1,1,28,14,14,2,-2.97,174,1,1,1,219,0,1
"SMOLIŃSKI Kazimierz",1,2776,6881,2.16,1.66,13,5,2,2,25,24,23,8,-0.5,34,0,0,1,219,1,1
"SZYDŁO Beata",1,20486,43612,7.65,18.22,2,1,1,1,12,16,16,1,10.57,328,1,1,1,219,1,1
"KONDRAT Michał Stanisław",1,558,2746,0.05,0.27,30,17,2,2,19,38,40,13,0.22,391,0,0,1,219,1,1
"OSIECKI Julian",2,4529,4063,3.34,1.56,8,7,2,2,35,20,20,1,-1.78,221,0,0,1,219,0,1
"PIETRZCZYK Lucjan Marek",2,4216,6057,3.12,1.4,24,6,1,1,33,32,32,18,-1.72,209,0,1,1,219,0,1
"PAMPUCH Mirosław Józef",2,2198,3554,1.62,1.37,13,8,2,2,35,20,20,5,-0.25,222,0,0,1,219,0,1
"BIAŁOWĄS Waldemar Franciszek",2,2649,1774,0.53,0.39,14,9,2,2,6,30,30,5,-0.14,446,0,0,1,219,0,1
"OŻÓG Krzysztof",2,2887,3109,2.11,0.68,15,7,2,2,23,30,30,8,-1.43,137,0,0,1,219,0,1
"KRAWCZYK Marek",2,2799,1896,0.73,0.56,16,10,2,2,11,24,24,6,-0.17,481,0,0,1,219,0,1
"SAŁUGA Wojciech Paweł",2,22275,26368,15.28,9.41,2,1,1,1,32,18,18,1,-5.87,201,0,1,1,219,0,1
"KŁOSIN Krystyna Maria",2,7250,16187,2.82,3.57,6,3,2,1,26,28,28,3,0.75,163,1,0,1,219,0,1
"CICHOŃ Janusz Władysław",2,9521,13902,7.03,5.35,6,4,1,1,35,20,20,2,-1.68,218,0,1,1,219,0,1
"ŚLIWIŃSKA Anna Elżbieta",2,4158,3911,2.85,1.4,7,5,2,2,32,18,18,2,-1.45,202,1,0,1,219,0,1
"SZUMILAS Krystyna Maria",2,27100,42200,16.55,15.01,2,1,1,1,29,20,18,1,-1.54,185,1,1,1,219,0,1
"KOŚCIUKIEWICZ Małgorzata Irena",2,2875,1064,1.33,0.28,25,19,2,2,41,26,23,6,-1.05,257,1,0,1,219,0,1
"WARGOCKA Teresa Anna",1,6787,7743,1.84,2.26,7,5,1,2,18,24,24,2,0.42,380,1,1,1,219,1,1
"WARDZAŁA Robert",2,6723,10437,2.39,4.05,16,7,2,1,15,18,18,9,1.66,503,0,0,1,219,0,1
"TATARA Agata Iwona",1,946,3099,0.17,0.61,26,7,2,2,13,26,28,19,0.44,340,1,0,1,219,1,1
"ROSS Tadeusz Edward",2,2712,2373,0.24,0.23,21,13,1,2,19,38,40,8,-0.00999999999999998,527,0,1,1,219,0,1
"PIWOWAR Daniel Łukasz",2,903,506,0.93,0.17,21,17,2,2,22,22,22,4,-0.76,130,0,0,1,219,0,1
"PARUZEL Henryk Józef",1,2418,4067,1.64,1.01,10,7,2,2,31,24,24,3,-0.63,64,0,0,1,219,1,1
"JACKIEWICZ Dawid Bohdan",1,14653,26648,2.63,5.37,3,1,1,1,3,28,28,2,2.74,271,0,1,1,219,1,1
"LENZ Tomasz",2,34545,28998,8.8,8.25,2,1,1,1,5,26,26,1,-0.550000000000001,434,0,1,1,219,0,1
"KOZŁOWSKA Iwona Maria",2,2345,4668,0.56,1.27,8,5,2,1,4,24,24,3,0.71,430,1,0,1,219,0,1
"BARTUŚ Barbara Halina",1,10856,14652,3.64,5.25,7,4,1,1,14,18,20,3,1.61,345,1,1,1,219,1,1
"IWANIEC Renata Maria",1,1449,1045,0.52,0.41,14,11,2,2,15,18,18,3,-0.11,357,1,0,1,219,1,1
"KOCH Eugeniusz Kazimierz",2,3947,4530,2.91,1.74,9,5,2,2,35,20,20,4,-1.17,219,0,0,1,219,0,1
"ŁUBIŃSKA Ewa",1,3736,2537,1.22,0.92,11,8,2,2,16,20,20,3,-0.3,367,1,0,1,219,1,1
"KRZAK Michał Bazyli",1,1922,1243,0.5,0.37,15,14,2,2,11,24,24,1,-0.13,327,0,0,1,219,1,1
"WOJNAROWSKI Norbert",2,15439,5981,3.82,1.74,4,3,1,1,1,24,24,1,-2.08,404,0,1,1,219,0,1
"KOPACZEWSKA Domicela Katarzyna",2,18320,16992,4.66,4.83,3,2,1,1,5,26,26,1,0.17,435,1,1,1,219,0,1
"PIECHOTA Krzysztof",1,4014,1485,0.87,0.33,15,13,2,2,20,22,24,2,-0.54,399,0,0,1,219,1,1
"BUBLEWICZ Beata Maria",2,19470,23262,14.37,8.95,3,1,1,1,35,20,20,2,-5.42,217,1,1,1,219,0,1
"CHŁOPEK Aleksander Antoni",1,5762,5596,5.9,1.99,4,3,1,2,29,20,18,1,-3.91,53,0,1,1,219,1,1
"MOSKAL Kazimierz Marian",1,21612,14234,9.08,3.11,6,3,1,1,23,30,30,3,-5.97,15,0,1,1,219,1,1
"PIĘTA Jarosław",2,8238,9309,5.65,3.32,5,4,1,1,32,18,18,1,-2.33,200,0,1,1,219,0,1
"KULECZKA-DRAUSOWSKA Ewa",1,359,818,0.38,0.2,16,12,2,2,39,20,20,4,-0.18,109,1,0,1,219,1,1
"WOLAK Ewa Wanda",2,7686,11554,1.38,2.33,4,2,1,1,3,28,28,2,0.95,416,1,1,1,219,0,1
"KOZŁOWSKA-RAJEWICZ Agnieszka",2,17040,27807,6.49,6.95,3,2,1,1,39,20,20,1,0.46,244,1,1,1,219,0,1
"WRÓBLEWSKI Radosław Artur",2,1494,1009,0.38,0.3,17,9,2,2,8,23,24,8,-0.08,462,0,0,1,219,0,1
"CIOŁEK Łukasz Tadeusz",1,983,986,0.18,0.2,22,9,2,2,3,28,28,13,0.02,273,0,0,1,219,1,1
"PATOŃ Piotr Jerzy",1,664,918,0.68,0.33,19,17,2,2,29,20,18,2,-0.35,54,0,0,1,219,1,1
"GLUZA Czesław Tadeusz",2,2245,13334,1.55,4.28,15,6,2,1,27,18,18,9,2.73,170,0,0,1,219,0,1
"BONKOWSKI Waldemar",1,3491,4410,2.61,0.97,15,7,2,2,26,28,28,8,-1.64,35,0,0,1,219,1,1
"MAGACZ Dariusz Marian",2,1688,806,0.58,0.31,18,11,2,2,10,18,18,7,-0.27,473,0,0,1,219,0,1
"BUDNER Alfred",1,6736,3546,7.73,1.35,16,4,2,2,37,17,18,12,-6.38,100,0,0,1,219,1,1
"POLAŃSKI Marek Józef",1,3682,2631,6.58,1.43,10,6,2,2,34,16,16,4,-5.15,88,0,0,1,219,1,1
"SUSKI Paweł",2,7451,7741,6.58,3.6,5,4,1,1,40,16,16,1,-2.98,255,0,1,1,219,0,1
"STRZAŁKOWSKI Stefan Zdzisław",1,4161,4840,7.82,2.25,4,2,1,1,40,16,16,2,-5.57,114,0,1,1,219,1,1
"LOBA Jerzy Andrzej",1,2573,2763,0.61,0.76,6,3,2,2,9,20,20,3,0.15,311,0,0,1,219,1,1
"BRZEZINKA Jacek Piotr",2,9127,10775,5.57,3.83,5,3,1,1,29,20,18,2,-1.74,179,0,1,1,219,0,1
"SŁAWIAK Bożena Maria",2,8942,6673,2.27,2.01,7,5,1,1,8,23,24,2,-0.26,459,1,1,1,219,0,1
"PIETRUCZUK Izabela",2,1263,770,0.84,0.18,28,23,2,2,24,30,28,5,-0.66,145,1,0,1,219,0,1
"GĄSIOR-MAREK Magdalena Ewa",2,16114,14676,3.21,3.19,8,1,1,1,6,30,30,7,-0.02,445,1,1,1,219,0,1
"GÓRSKA Agnieszka Beata",1,4745,3296,1.67,1.27,8,7,2,2,17,18,18,1,-0.4,373,1,0,1,219,1,1
"FILIPIAK Ewa",1,2827,3513,0.95,1.26,11,10,2,2,14,18,20,1,0.31,347,1,0,1,219,1,1
"ŁUCZYK Mariusz Wojciech",1,1028,857,0.76,0.19,14,10,2,2,26,28,28,4,-0.57,37,0,0,1,219,1,1
"BABINETZ Piotr Mieczysław",1,8403,7239,5.75,2.43,6,3,1,1,22,22,22,3,-3.32,4,0,1,1,219,1,1
"MACH Jadwiga",1,1084,1215,0.22,0.26,25,12,2,2,6,30,30,13,0.04,294,1,0,1,219,1,1
"SOKALLA Grażyna Teresa",1,583,435,0.57,0.13,21,14,2,2,36,24,23,7,-0.44,97,1,0,1,219,1,1
"JAWORSKI Andrzej",1,3868,22770,3.02,5.48,24,3,1,1,25,24,23,21,2.46,32,0,1,1,219,1,1
"RAŚ Ireneusz",2,15808,31455,2.82,6.21,3,1,1,1,13,25,28,2,3.39,489,0,1,1,219,0,1
"JURGIEL Krzysztof",1,28212,35763,15.76,8.34,2,1,1,1,24,30,28,1,-7.42,24,0,1,1,219,1,1
"POSZWA Krzysztof",2,2418,3929,1.93,1.51,18,7,2,2,38,18,18,11,-0.42,237,0,0,1,219,0,1
"NYKIEL Mirosława",2,33180,43329,23.04,13.91,2,1,1,1,27,18,18,1,-9.13,171,1,1,1,219,0,1
"BABALSKI Zbigniew",1,6580,7217,11.76,3.69,5,3,1,1,34,16,16,2,-8.07,86,0,1,1,219,1,1
"SZYMAŃSKI Tomasz Józef",2,3469,7510,0.88,2.14,9,4,2,1,5,26,26,5,1.26,439,0,0,1,219,0,1
"RĘBEK Jerzy",1,7243,7503,2.06,2.36,11,5,1,1,7,24,24,6,0.3,300,0,1,1,219,1,1
"TOBISZOWSKI Grzegorz Józef",1,13984,13268,9.53,3.29,5,2,1,1,31,24,24,3,-6.24,68,0,1,1,219,1,1
"WIŚNIEWSKA Jadwiga Maria",1,20814,34491,26.35,15.36,2,1,1,1,28,14,14,1,-10.99,51,1,1,1,219,1,1
"GRANOWSKA Renata Małgorzata",2,1823,4257,0.33,0.86,16,15,2,2,3,28,28,1,0.53,423,1,0,1,219,0,1
"KRÓLIKOWSKA-KIŃSKA Elżbieta Ma",2,3675,3942,0.87,1.09,9,4,2,2,9,20,20,5,0.22,466,1,0,1,219,0,1
"OKŁA - DREWNOWICZ Marzena",2,7151,34745,5.3,8.03,10,1,1,1,33,32,32,9,2.73,207,1,1,1,219,0,1
"WITA Tadeusz Antoni",1,4603,4505,4.71,1.6,5,4,2,2,29,20,18,1,-3.11,56,0,0,1,219,1,1
"KOWALCZYK Roman",1,2090,1259,0.38,0.25,16,11,2,2,3,28,28,5,-0.13,272,0,0,1,219,1,1
"PAPIERSKI Zbigniew",2,1004,477,0.24,0.13,11,8,2,2,9,20,20,3,-0.11,467,0,0,1,219,0,1
"KLOC Izabela Helena",1,14077,12833,12.82,4.86,3,2,1,1,30,18,18,1,-7.96,58,1,1,1,219,1,1
"MUCHA Joanna",2,21028,45568,4.19,9.9,4,2,1,1,6,30,30,2,5.71,444,1,1,1,219,0,1
"ŻYŚKO Robert Artur",2,543,384,0.11,0.08,17,12,2,2,6,30,30,5,-0.03,447,0,0,1,219,0,1
"RACZKOWSKI Damian",2,15762,10271,10.56,2.4,30,2,1,1,24,30,28,28,-8.16,146,0,1,1,219,0,1
"BALCERZAK Klaudiusz",2,5337,5590,1.35,1.68,12,6,2,2,8,23,24,6,0.33,460,0,0,1,219,0,1
"GODSON John Abraham",2,3807,29832,0.9,8.23,19,5,1,1,9,20,20,14,7.33,468,0,1,1,219,0,1
"GRABARCZYK Cezary Stanisław",2,44610,24582,10.55,6.97,3,1,1,1,9,20,20,2,-3.58,464,0,1,1,219,0,1
"ZAKRZEWSKA Danuta",2,6488,5882,1.7,1.73,7,4,2,2,11,24,24,3,0.03,478,1,0,1,219,0,1
"GRAJEK Zbysław Wojciech",2,1299,908,0.87,0.21,25,14,2,2,24,30,28,11,-0.66,143,0,0,1,219,0,1
"PIETRASZ Piotr Aleksander",1,1411,3941,0.96,0.98,6,4,2,2,31,24,24,2,0.02,66,0,0,1,219,1,1
"PICZURA Jan",1,2054,3817,0.69,1.37,15,8,2,2,14,18,20,7,0.68,349,0,0,1,219,1,1
"ADAMCZYK Andrzej",1,3421,14297,0.61,2.82,4,2,1,1,13,26,28,2,2.21,334,0,1,1,219,1,1
"MIKUSIŃSKA Małgorzata",2,2927,1109,1.11,0.28,18,14,2,2,39,20,20,4,-0.83,246,1,0,1,219,0,1
"SIKORA Anna",1,9264,7979,2.01,1.77,22,6,1,2,20,22,24,16,-0.24,401,1,1,1,219,1,1
"LAMCZYK Stanisław Józef",2,10155,12664,3.95,2.79,8,7,1,1,26,28,28,1,-1.16,165,0,1,1,219,0,1
"ORZECHOWSKI Andrzej",2,10052,12046,7.42,4.63,4,2,1,1,35,20,20,2,-2.79,220,0,1,1,219,0,1
"BŁASZCZAK Mariusz",1,10061,44319,2.18,9.85,2,1,1,1,20,22,24,1,7.67,395,0,1,1,219,1,1
"JANKOWSKA Aleksandra Helena",1,1538,3398,1.2,0.82,7,4,2,2,25,24,23,3,-0.38,31,1,0,1,219,1,1
"MAŁECKA-LIBERA Beata Maria",2,20877,23822,14.32,8.5,3,2,1,1,32,18,18,1,-5.82,198,1,1,1,219,0,1
"KULAS Jan Edward",2,9607,7072,3.72,1.7,14,11,2,2,25,24,24,3,-2.02,153,0,0,1,219,0,1
"BUKIEWICZ Bożenna",2,28420,38017,7.21,11.43,2,1,1,1,8,23,24,1,4.22,455,1,1,1,219,0,1
"NOWAKOWSKA Aleksandra Bogumiła",2,3973,4501,0.95,1.22,9,8,2,2,4,24,24,1,0.27,431,1,0,1,219,0,1
"JACH Michał",1,6864,4383,6.5,1.15,4,3,1,1,41,26,24,1,-5.35,119,0,1,1,219,1,1
"BIERNAT Stefania Elżbieta",1,3466,4222,3.28,1.11,8,5,2,2,41,26,24,3,-2.17,116,1,0,1,219,1,1
"ZEMBIK Wojciech Bolesław",1,1156,1408,0.29,0.41,17,8,2,1,1,24,24,9,0.12,267,0,0,1,219,1,1
"KWITEK Marek",1,2653,3726,1.4,0.86,9,6,1,2,33,32,32,3,-0.54,81,0,1,1,219,1,1
"GUT-MOSTOWY Andrzej",2,16009,15345,5.37,5.5,3,2,1,1,14,18,20,1,0.13,496,0,1,1,219,0,1
"KASPEREK Krzysztof",1,2690,2205,1,0.92,12,9,2,2,12,16,16,3,-0.08,332,0,0,1,219,1,1
"OKRĄGŁY Janina",2,5176,11418,3.01,3.57,7,2,2,1,21,26,24,5,0.56,124,1,0,1,219,0,1
"GAWĘDA Jerzy Marek",1,1155,1246,0.28,0.34,11,8,2,2,4,24,24,3,0.06,275,0,0,1,219,1,1
"BOROWCZAK Jerzy Stanisław",2,5738,10504,2.22,2.53,10,8,2,1,25,24,24,2,0.31,150,0,0,1,219,0,1
"KRZĄKAŁA Marek Grzegorz",2,15469,25938,11.46,9.81,5,2,1,1,30,18,18,3,-1.65,187,0,1,1,219,0,1
"REJCZAK Jan",1,7465,3605,2.62,1.39,9,8,2,2,17,18,18,1,-1.23,374,0,0,1,219,1,1
"KOSIOR Bolesław Henryk",1,466,1984,0.08,0.39,8,6,2,2,13,26,28,2,0.31,336,0,0,1,219,1,1
"BREJZA Krzysztof",2,6441,12600,1.54,3.43,24,7,1,1,4,24,24,17,1.89,432,0,1,1,219,0,1
"RUSIECKI Jarosław",1,4637,7323,2.45,1.69,4,2,1,1,33,32,32,2,-0.76,84,0,1,1,219,1,1
"SZYDŁOWSKA Bożena",2,12309,14352,4.69,3.59,6,5,1,1,39,20,20,1,-1.1,248,1,1,1,219,0,1
"PIERZCHAŁA Elżbieta Apolonia",2,8553,14557,3.69,3.61,7,3,1,1,31,23,24,4,-0.0800000000000001,192,1,1,1,219,0,1
"SOŃTA Krzysztof Jan",1,10013,9436,3.52,3.65,7,6,1,2,17,18,18,1,0.13,372,0,1,1,219,1,1
"WYDRA Przemysław",1,946,1176,1.16,0.42,14,10,2,2,32,18,18,4,-0.74,76,0,0,1,219,1,1
"STĘPIEŃ Danuta Waleria",2,2688,2963,1.96,0.65,20,6,2,2,23,30,30,14,-1.31,141,1,0,1,219,0,1
"ZAREMBA Renata",2,10931,6355,5.08,1.67,14,4,1,1,41,26,23,10,-3.41,263,1,1,1,219,0,1
"GUZ Radosław Teofil",2,592,369,0.12,0.08,27,22,2,2,6,30,30,5,-0.04,448,0,0,1,219,0,1
"MAŁECKI Jerzy Wojciech",1,2400,3259,3.32,1.25,14,5,2,2,35,20,19,9,-2.07,91,0,0,1,219,1,1
"STAROŃ Lidia Ewa",2,15514,16091,11.45,6.19,20,3,1,1,35,20,20,17,-5.26,224,1,1,1,219,0,1
"KROPIWNICKI Robert",2,8115,6029,2.01,1.75,24,6,2,1,1,24,24,18,-0.26,408,0,0,1,219,0,1
"TUSK Łukasz Maciej",2,20931,8620,12.19,2.7,22,10,1,2,21,26,24,12,-9.49,126,0,1,1,219,0,1
"PIETRUS Włodzimierz Wacław",1,382,1168,0.07,0.23,14,10,2,2,13,26,28,4,0.16,337,0,0,1,219,1,1
"DWORCZYK Michał Paweł",1,2671,4397,0.23,0.43,38,5,2,2,19,38,40,33,0.2,393,0,0,1,219,1,1
"MRZYGŁOCKA Izabela Katarzyna",2,18523,31697,6.83,14.05,2,1,1,1,2,15,16,1,7.22,409,1,1,1,219,0,1
"JAROS Michał",2,4740,9635,0.85,1.94,17,10,1,1,3,28,28,7,1.09,424,0,1,1,219,0,1
"KARSKI Karol",1,3524,2736,0.31,0.27,5,4,1,2,19,38,40,1,-0.04,385,0,1,1,219,1,1
"GŁOWACKA Halina",1,2830,2049,3.47,0.73,9,5,2,2,32,18,18,4,-2.74,70,1,0,1,219,1,1
"PORĘBA Antoni Marian",1,4152,2606,1.39,0.93,12,11,2,2,14,18,20,1,-0.46,348,0,0,1,219,1,1
"RUDZKI Stanisław Józef",1,996,608,1.02,0.22,13,12,2,2,29,20,18,1,-0.8,55,0,0,1,219,1,1
"WAŁACH Monika Irena",1,4480,1899,3.66,0.61,18,8,2,2,27,18,18,10,-3.05,47,1,0,1,219,1,1
"TOMAŃSKI Piotr",2,11578,9621,11.96,3.23,13,4,1,1,22,22,22,9,-8.73,132,0,1,1,219,0,1
"SONIK Maciej Ryszard",2,3301,3056,1.92,0.96,13,11,2,2,21,26,24,2,-0.96,125,0,0,1,219,0,1
"KARKUT Michał",2,2540,611,1.85,0.13,30,29,2,2,23,30,30,1,-1.72,135,0,0,1,219,0,1
"OSTROWSKI Henryk Ryszard",1,1540,939,0.39,0.28,8,7,2,2,8,24,24,1,-0.11,306,0,0,1,219,1,1
"GUZOWSKA Iwona Kamila",2,9534,22616,3.69,5.45,23,7,1,1,25,24,24,16,1.76,151,1,1,1,219,0,1
"TOMASZAK-ZESIUK Irena Barbara",2,9741,8546,9.57,3.26,3,2,1,2,37,18,18,1,-6.31,233,1,1,1,219,0,1
"BUTRYN Renata Celina",2,10940,8941,8,1.96,7,3,2,1,23,30,30,4,-6.04,133,1,0,1,219,0,1
"CEGLECKA-ZIELONKA Teresa Zuzan",1,5363,5577,6.36,1.74,4,3,2,2,21,26,24,1,-4.62,2,1,0,1,219,1,1
"GÓRSKI Artur",1,3070,4762,0.27,0.47,8,6,1,1,19,38,40,2,0.2,386,0,1,1,219,1,1
"KOPROWSKA Barbara Maria",1,2388,1268,0.85,0.49,15,13,2,2,15,18,18,2,-0.36,358,1,0,1,219,1,1
"PLURA Marek Mirosław",2,10528,22795,4.54,5.66,10,4,1,1,31,23,24,6,1.12,194,0,1,1,219,0,1
"LECH Paweł Piotr",2,2061,2276,0.18,0.22,12,11,2,2,19,38,40,1,0.04,524,0,0,1,219,0,1
"PŁONKA Elżbieta",1,4009,2564,1.02,0.77,24,8,2,2,8,24,24,16,-0.25,309,1,0,1,219,1,1
"ZAWIŚLAK Sławomir",1,16064,24478,4.57,7.7,4,2,1,1,7,24,24,2,3.13,297,0,1,1,219,1,1
"SPRAWKA Lech Stanisław",1,11929,23848,2.38,5.18,9,4,1,1,6,30,30,5,2.8,291,0,1,1,219,1,1
"WILKOSZARSKA Krystyna",2,4581,2333,3.66,0.9,6,5,2,2,38,18,18,1,-2.76,241,1,0,1,219,0,1
"BYCZKOWSKI Dariusz Paweł",1,3267,4074,3.87,1.27,16,6,2,2,21,26,24,10,-2.6,1,0,0,1,219,1,1
"ROJEK Józef",1,11901,15978,4.23,6.19,5,4,1,1,15,18,18,1,1.96,355,0,1,1,219,1,1
"ZIELONKA Jolanta Ewa",2,1643,598,1.21,0.14,31,20,2,2,33,32,32,11,-1.07,210,1,0,1,219,0,1
"GRABICKA Krystyna",1,9988,6776,2.61,1.99,6,4,1,2,11,24,24,2,-0.62,325,1,1,1,219,1,1
"CZEŚNIK Andrzej Sławomir",1,1880,1657,0.61,0.6,7,12,2,2,16,20,20,-5,-0.01,364,0,0,1,180,1,2
"ROMANOWSKI Jerzy",2,3200,1220,3.2,0.62,8,15,2,2,34,16,16,-7,-2.58,214,0,0,1,180,0,2
"MATUSZNY Kazimierz Władysław",1,13379,8372,10.95,2.69,3,4,1,2,27,18,18,-1,-8.26,44,0,1,1,180,1,2
"RANIEWICZ Grzegorz Artur",2,9912,7907,2.82,2.49,2,5,1,1,7,24,24,-3,-0.33,451,0,1,1,180,0,2
"CIĄGŁO Edward",1,8790,4270,2.75,1.53,6,9,2,2,14,18,20,-3,-1.22,344,0,0,1,180,1,2
"BUDNIK Jerzy Feliks",2,12893,8546,5.01,1.88,4,8,1,1,26,28,28,-4,-3.13,162,0,1,1,180,0,2
"WOJTKOWSKI Marek",2,5353,7352,1.36,2.09,6,9,1,1,5,26,26,-3,0.73,438,0,1,1,180,0,2
"KŁOPOTOWSKI Konrad",1,3179,2211,0.83,0.65,5,9,2,2,11,24,24,-4,-0.18,324,0,0,1,180,1,2
"CZECHAK Lidia",1,10782,5236,10.54,1.55,4,5,2,2,36,24,23,-1,-8.99,93,1,0,1,180,1,2
"FIERLA Damian Tomasz",1,2085,952,1.42,0.24,7,12,2,2,31,24,24,-5,-1.18,61,0,0,1,180,1,2
"BRONIEWICZ Bogusław",2,6952,4403,1.98,1.38,5,6,2,2,7,24,24,-1,-0.6,453,0,0,1,180,0,2
"OŁOWSKI Piotr Paweł",2,8177,7571,3.16,1.82,5,9,2,2,25,24,24,-4,-1.34,156,0,0,1,180,0,2
"GOLBA Mieczysław Józef",1,12044,12332,8.25,4.14,4,14,1,1,22,22,22,-10,-4.11,7,0,1,1,180,1,2
"TERLECKA Mirosława Hanna",1,501,392,0.04,0.04,22,26,2,2,19,38,40,-4,0,390,1,0,1,180,1,2
"GĘBSKI Mieczysław",1,1100,1039,0.58,0.24,18,22,2,2,33,32,32,-4,-0.34,79,0,0,1,180,1,2
"KOZŁOWSKI Andrzej Marek",1,1101,638,0.22,0.14,17,24,2,2,6,30,30,-7,-0.08,293,0,0,1,180,1,2
"OLSZEWSKI Paweł Bartosz",2,8633,9257,2.06,2.52,2,3,1,1,4,24,24,-1,0.46,426,0,1,1,180,0,2
"ZIEMNIAK Wojciech Stanisław",2,26623,12713,17.86,3.75,2,6,1,1,36,24,24,-4,-14.11,229,0,1,1,180,0,2
"DZIDUCH Roman",2,3971,1570,1.01,0.47,5,18,2,2,8,23,24,-13,-0.54,458,0,0,1,180,0,2
"GADOWSKI Krzysztof Jan",2,18003,15326,13.34,5.8,2,3,1,1,30,18,18,-1,-7.54,186,0,1,1,180,0,2
"RABCZON Mariola",2,793,912,0.07,0.09,22,23,2,2,19,38,40,-1,0.02,528,1,0,1,180,0,2
"PLAWGO Tadeusz",1,3996,1115,5.53,0.43,4,8,2,2,35,20,19,-4,-5.1,92,0,0,1,180,1,2
"DEMBOWSKI Zbigniew",1,1180,532,0.65,0.12,12,14,2,2,24,30,28,-2,-0.53,22,0,0,1,180,1,2
"KANIA Andrzej",2,10554,5212,2.87,1.52,3,4,1,1,18,22,23,-1,-1.35,514,0,1,1,180,0,2
"KARPIŃSKI Grzegorz",2,5054,6723,1.29,1.91,5,6,1,2,5,26,26,-1,0.62,437,0,1,1,180,0,2
"WARZECHA Jan Marek",1,10002,12588,4.2,2.75,9,12,2,1,23,30,30,-3,-1.45,20,0,0,1,180,1,2
"ZAMORSKA Grażyna Małgorzata",1,468,882,0.08,0.17,16,27,2,2,13,26,28,-11,0.09,338,1,0,1,180,1,2
"POLAK Piotr Stanisław",1,6747,9022,1.76,2.65,7,8,1,1,11,24,24,-1,0.89,326,0,1,1,180,1,2
"ŚNIEŻEK Adam Walenty",1,6058,6869,4.15,2.3,7,13,2,2,22,22,22,-6,-1.85,10,0,0,1,180,1,2
"GRUCA Michał",1,1260,635,1.54,0.23,12,14,2,2,32,18,18,-2,-1.31,71,0,0,1,180,1,2
"CHMIELOWIEC Zbigniew Michał",1,17243,16038,7.24,3.51,5,10,1,1,23,30,30,-5,-3.73,12,0,1,1,180,1,2
"WO__NIAK Tadeusz Jacek",1,13904,8996,3.64,2.65,3,7,1,1,11,24,24,-4,-0.99,322,0,1,1,180,1,2
"KACZMARSKA Agnieszka",1,1309,1253,0.11,0.12,13,14,2,2,19,38,40,-1,0.01,388,1,0,1,180,1,2
"SATERNUS Andrzej",2,3854,3330,1.44,1.39,5,6,2,2,12,15,16,-1,-0.05,484,0,0,1,180,0,2
"SOKOŁOWSKA Alicja",2,2596,1745,0.64,0.51,18,20,2,2,1,24,24,-2,-0.13,407,1,0,1,180,0,2
"BORSUKIEWICZ Piotr",1,1342,961,2.06,0.37,11,12,2,2,38,18,18,-1,-1.69,104,0,0,1,180,1,2
"SOBECKA Anna Elżbieta",1,15180,6990,3.87,1.99,3,7,1,1,5,26,26,-4,-1.88,281,1,1,1,180,1,2
"CHRAPKIEWICZ Daniela Jadwiga",1,4889,3956,3.82,0.95,5,6,2,2,25,24,23,-1,-2.87,29,1,0,1,180,1,2
"MACHALICA Krzysztof",2,3343,3011,0.85,0.91,14,19,2,2,8,23,24,-5,0.06,461,0,0,1,180,0,2
"URBAN Cezary",2,8646,3424,4.02,0.9,4,6,1,2,41,26,23,-2,-3.12,262,0,1,1,180,0,2
"POHORECKA Monika Sylwia",1,3025,805,3.83,0.36,5,7,2,2,28,14,14,-2,-3.47,50,1,0,1,180,1,2
"ZIELIŃSKI Marek",2,10207,6455,3.89,1.61,7,20,1,2,39,20,20,-13,-2.28,249,0,1,1,180,0,2
"KOZAK Zbigniew Ryszard",1,9608,8437,7.18,1.86,3,5,1,2,26,28,28,-2,-5.32,36,0,1,1,180,1,2
"SROKA Andrzej",1,3131,1961,3.84,0.7,5,6,2,2,32,18,18,-1,-3.14,75,0,0,1,180,1,2
"MŁYNARCZYK Henryk",1,6975,4325,1.98,1.36,2,6,2,2,7,24,24,-4,-0.62,295,0,0,1,180,1,2
"KWIECIEŃ Anna",1,4143,2648,1.45,1.02,10,11,2,2,17,18,18,-1,-0.43,375,1,0,1,180,1,2
"PAGÓREK Marian Adam",1,6022,4007,1.96,1.45,4,5,2,2,16,20,20,-1,-0.51,363,0,0,1,180,1,2
"MASTALEREK Marek",2,726,279,0.25,0.11,9,11,2,2,17,18,18,-2,-0.14,511,0,0,1,180,0,2
"JAŁOSZYŃSKI Dariusz",2,944,892,0.24,0.25,20,23,2,2,5,26,26,-3,0.01,441,0,0,1,180,0,2
"DĄSAL Bogdan",2,863,620,0.15,0.12,13,15,2,2,13,25,28,-2,-0.03,493,0,0,1,180,0,2
"SROCZYŃSKI Krzysztof",1,804,460,0.2,0.14,14,19,2,2,8,24,24,-5,-0.06,307,0,0,1,180,1,2
"PIĘTA Stanisław Jan",1,10996,12708,9,4.08,4,5,1,1,27,18,18,-1,-4.92,45,0,1,1,180,1,2
"FIEDLER Arkady",2,25585,17467,9.75,4.37,5,8,1,1,39,20,20,-3,-5.38,243,0,1,1,180,0,2
"KACZUGA Adam Bogdan",2,3059,1433,2.98,0.64,7,8,2,2,28,14,14,-1,-2.34,173,0,0,1,180,0,2
"CYNKAR Sławomir Tadeusz",2,2161,1976,1.58,0.43,9,11,2,2,23,30,30,-2,-1.15,134,0,0,1,180,0,2
"SZYSZKO Jan Feliks",1,15623,13636,3.39,3.03,3,4,1,1,20,22,24,-1,-0.36,396,0,1,1,180,1,2
"ZBONIKOWSKI Łukasz",1,28830,17327,7.34,4.93,1,2,1,1,5,26,26,-1,-2.41,279,0,1,1,180,1,2
"ARNDT Paweł",2,17394,12627,17.09,4.82,2,3,1,1,37,18,18,-1,-12.27,230,0,1,1,180,0,2
"TOŁWIŃSKI Krzysztof",1,5854,5704,3.27,1.35,8,28,2,2,24,30,28,-20,-1.92,27,0,0,1,180,1,2
"WÓJCIK Jan",2,2514,1488,0.89,0.58,6,18,2,2,15,18,18,-12,-0.31,502,0,0,1,180,0,2
"ZARZECZNA Bożena",1,1820,1357,0.4,0.3,17,21,2,2,20,22,24,-4,-0.1,400,1,0,1,180,1,2
"DORN Ludwik Stanisław",1,81696,18683,17.74,4.15,1,2,1,1,20,22,24,-1,-13.59,394,0,1,1,180,1,2
"OLENDZKA Halina Bronisława",1,2349,2331,1.24,0.54,2,7,2,2,33,32,32,-5,-0.7,83,1,0,1,180,1,2
"OSOWSKI Tomasz",1,3834,2646,1.25,0.96,9,10,2,2,16,20,20,-1,-0.29,365,0,0,1,180,1,2
"KOŁAKOWSKI Lech Antoni",1,10457,13502,5.84,3.15,4,7,1,1,24,30,28,-3,-2.69,26,0,1,1,180,1,2
"DZIKOWSKI Waldy",2,110467,54647,42.11,13.66,1,3,1,1,39,20,20,-2,-28.45,242,0,1,1,180,0,2
"PLOCKE Kazimierz Florian",2,15763,18452,6.13,4.07,3,4,1,1,26,28,28,-1,-2.06,167,0,1,1,180,0,2
"KLIMCZAK Andrzej",2,1107,404,0.2,0.08,24,25,2,2,13,25,28,-1,-0.12,494,0,0,1,180,0,2
"CIERPISZ Zbigniew Adam",1,579,249,0.05,0.02,15,24,2,2,19,38,40,-9,-0.03,389,0,0,1,180,1,2
"JASTRZĘBSKI Leszek Andrzej",2,2367,3075,0.21,0.3,38,40,1,2,19,38,40,-2,0.09,531,0,1,1,180,0,2
"DZIEDZICZAK Jan Michał",1,24809,15954,24.25,4.71,1,3,1,1,36,24,23,-2,-19.54,95,0,1,1,180,1,2
"WOJTKIEWICZ Michał Jan",1,13396,9403,4.76,3.65,3,5,1,1,15,18,18,-2,-1.11,354,0,1,1,180,1,2
"MIODOWICZ Konstanty",2,33229,14202,24.64,3.28,1,2,1,1,33,32,32,-1,-21.36,206,0,1,1,180,0,2
"CYPRYŚ Jerzy",1,6139,7873,2.57,1.72,14,30,2,2,23,30,30,-16,-0.85,13,0,0,1,180,1,2
"DERA Andrzej Mikołaj",1,13190,17606,12.89,5.2,3,4,1,1,36,24,23,-1,-7.69,94,0,1,1,180,1,2
"BURDZY Sebastian Robert",2,1234,1073,0.22,0.22,14,16,2,2,3,28,28,-2,0,422,0,0,1,180,0,2
"LISS Andrzej Marcelin",1,1886,1518,1.47,0.37,4,7,2,2,25,24,23,-3,-1.1,33,0,0,1,180,1,2
"FALFUS Jacek Eugeniusz",1,18814,11391,15.41,3.66,2,3,1,1,27,18,18,-1,-11.75,42,0,1,1,180,1,2
"KARPIŃSKI Włodzimierz Witold",2,16873,16498,3.36,3.59,2,3,1,1,6,30,30,-1,0.23,442,0,1,1,180,0,2
"DZIĄG Leszek Jan",2,2414,1361,2.41,0.7,7,10,2,2,34,16,16,-3,-1.71,212,0,0,1,180,0,2
"PAKUŁA-SACHARCZUK Anna Zofia",1,9033,1127,3.79,0.25,3,13,2,2,23,30,30,-10,-3.54,17,1,0,1,180,1,2
"DZIĘCIOŁ Janusz",2,19807,13907,5.04,3.95,4,26,1,1,5,26,26,-22,-1.09,436,0,1,1,180,0,2
"RABA Norbert Łukasz",2,4306,3364,0.77,0.68,8,11,1,2,3,28,28,-3,-0.09,419,0,1,1,180,0,2
"LIPIŃSKI Dariusz",2,20695,8895,7.88,2.22,2,4,1,2,39,20,20,-2,-5.66,245,0,1,1,180,0,2
"WILK Wojciech",2,9079,7772,1.81,1.69,3,4,1,2,6,30,30,-1,-0.12,443,0,1,1,180,0,2
"GOWIN Jarosław",2,160465,62570,28.58,12.35,1,3,1,1,13,25,28,-2,-16.23,487,0,1,1,180,0,2
"KU__MIŃSKI Wojciech Andrzej",2,4312,781,2,0.2,6,16,2,2,41,26,23,-10,-1.8,258,0,0,1,180,0,2
"PASEK Tomasz Dariusz",2,3165,2860,2.17,1.02,10,11,2,2,32,18,18,-1,-1.15,199,0,0,1,180,0,2
"RYDER Zdzisław",1,2424,1600,4.55,0.74,7,9,2,2,40,16,16,-2,-3.81,113,0,0,1,180,1,2
"PAHL Witold",2,14135,7235,3.59,2.17,3,17,1,1,8,23,24,-14,-1.42,456,0,1,1,180,0,2
"PASTUSZEWSKI Stefan Marian",1,2755,1382,0.66,0.38,18,19,2,2,4,24,24,-1,-0.28,278,0,0,1,180,1,2
"KOPEĆ Andrzej Robert",2,2581,4155,1.5,1.3,17,24,2,2,21,26,24,-7,-0.2,121,0,0,1,180,0,2
"KŁAK Krzysztof",2,5926,3291,6.12,1.1,5,22,2,2,22,22,22,-17,-5.02,128,0,0,1,180,0,2
"WOJDALSKI Janusz Andrzej",1,654,410,0.06,0.04,32,35,2,2,19,38,40,-3,-0.02,392,0,0,1,180,1,2
"PIOTROWICZ Zbigniew",2,1744,3227,0.64,1.43,10,16,2,2,2,15,16,-6,0.79,413,0,0,1,180,0,2
"GIBAŁA Łukasz",2,11413,18583,2.03,3.67,12,19,1,1,13,25,28,-7,1.64,492,0,1,1,180,0,2
"KOŁAKOWSKI Robert Jerzy",1,9213,9314,3,3.37,3,4,1,1,16,20,20,-1,0.37,362,0,1,1,180,1,2
"POLAK Katarzyna Maria",1,1271,617,0.11,0.06,12,30,2,2,19,38,40,-18,-0.05,387,1,0,1,180,1,2
"BARTOSZEWSKI Tadeusz Waldemar",1,2787,687,0.66,0.19,8,19,2,2,9,20,20,-11,-0.47,312,0,0,1,180,1,2
"KRAKOWIAK Jan Jerzy",2,3755,3296,0.89,0.91,8,9,2,2,9,20,20,-1,0.02,465,0,0,1,180,0,2
"SZYMAŃSKI Sławomir Andrzej",1,3378,1423,0.86,0.4,8,20,2,2,5,26,26,-12,-0.46,283,0,0,1,180,1,2
"ŚLIWICKI Adam Wojciech",1,3257,765,2.43,0.17,10,13,2,2,26,28,28,-3,-2.26,41,0,0,1,180,1,2
"TYSZKIEWICZ Robert",2,30971,10465,20.75,2.44,1,3,1,1,24,30,28,-2,-18.31,148,0,1,1,180,0,2
"RZYMEŁKA Jan Antoni",2,8958,7821,3.86,1.94,4,7,2,2,31,23,24,-3,-1.92,195,0,0,1,180,0,2
"PRUŚ Sylwester Zbigniew",2,3211,1940,1.24,0.47,17,23,2,2,25,24,24,-6,-0.77,159,0,0,1,180,0,2
"CHMIELEWSKI Stanisław Marcin",2,8102,5685,6.47,2.19,3,4,1,2,38,18,18,-1,-4.28,235,0,1,1,180,0,2
"ŻYLIŃSKI Adam Jacek",2,11835,6588,11.84,3.37,4,8,1,2,34,16,16,-4,-8.47,216,0,1,1,180,0,2
"KRUPA Adam",2,8122,8323,4.73,2.6,6,7,1,2,21,26,24,-1,-2.13,123,0,1,1,180,0,2
"KURIATA Jan",2,7363,3070,6.51,1.43,6,7,1,2,40,16,16,-1,-5.08,251,0,1,1,180,0,2
"JACHYMIAK Maciej",2,5288,2972,1.78,1.07,6,7,2,2,14,18,20,-1,-0.71,498,0,0,1,180,0,2
"BORCZ Jerzy",2,7714,5782,7.97,1.94,4,6,2,2,22,22,22,-2,-6.03,127,0,0,1,180,0,2
"BOKUN Henryk Jerzy",1,1029,891,1.93,0.41,8,10,2,2,40,16,16,-2,-1.52,110,0,0,1,180,1,2
"SELLIN Jarosław Daniel",1,18167,9932,13.58,2.19,2,4,1,1,26,28,28,-2,-11.39,38,0,1,1,180,1,2
"IWICKI Piotr",1,2532,2024,0.55,0.45,14,15,2,2,20,22,24,-1,-0.1,398,0,0,1,180,1,2
"MARIANOWSKA Barbara",1,21654,5541,7.7,2.15,1,3,1,2,15,18,18,-2,-5.55,352,1,1,1,180,1,2
"ORŁOWSKI Paweł",2,5807,8891,2.25,2.14,9,10,2,2,25,24,24,-1,-0.11,157,0,0,1,180,0,2
"GAŁAŻEWSKI Andrzej Józef",2,33766,11746,20.63,4.18,1,2,1,1,29,20,18,-1,-16.45,181,0,1,1,180,0,2
"WRÓBEL Marzena Dorota",1,13159,11738,4.62,4.54,2,4,1,1,17,18,18,-2,-0.0800000000000001,370,1,1,1,180,1,2
"JASIŃSKI Janusz",2,2832,2397,0.74,0.71,6,7,2,2,11,24,24,-1,-0.03,477,0,0,1,180,0,2
"KONWIŃSKI Zbigniew Marek",2,19553,18548,7.6,4.09,5,6,1,1,26,28,28,-1,-3.51,164,0,1,1,180,0,2
"GWIAZDOWSKI Kazimierz",1,7545,6275,4.21,1.46,6,8,1,2,24,30,28,-2,-2.75,23,0,1,1,180,1,2
"ŻALEK Jacek",2,9560,8103,6.4,1.89,15,27,1,1,24,30,28,-12,-4.51,149,0,1,1,180,0,2
"NOWAK Adam",2,4428,2913,1.72,0.64,16,17,2,2,26,28,28,-1,-1.08,166,0,0,1,180,0,2
"JURZAK Jarosław Ludwik",1,3317,2132,1.24,0.89,5,6,2,2,12,16,16,-1,-0.35,331,0,0,1,180,1,2
"REDZIMSKI Leszek Andrzej",2,7701,7480,2.99,1.65,10,13,2,2,26,28,28,-3,-1.34,168,0,0,1,180,0,2
"RYBKA Robert Zdzisław",1,3339,828,1.19,0.32,12,14,2,2,15,18,18,-2,-0.87,356,0,0,1,180,1,2
"CZAPIGA Cezary Józef",2,1332,912,0.92,0.29,7,13,2,2,27,18,18,-6,-0.63,169,0,0,1,180,0,2
"SIARKA Edward",1,15697,13264,5.27,4.76,3,5,1,1,14,18,20,-2,-0.51,343,0,1,1,180,1,2
"WAŚKO Piotr Roman",2,6260,4327,5,1.66,4,6,1,2,38,18,18,-2,-3.34,240,0,1,1,180,0,2
"PIEROŃCZYK Marcin Tomasz",1,966,944,0.65,0.23,16,17,2,2,31,24,24,-1,-0.42,65,0,0,1,180,1,2
"ROSZAK Grzegorz Michał",2,6217,2625,1.48,0.71,5,6,1,2,4,24,24,-1,-0.77,429,0,1,1,180,0,2
"DĄBROWSKA Jolanta",2,4361,3034,2.66,1.08,9,10,2,2,29,20,18,-1,-1.58,180,1,0,1,180,0,2
"WIĄZOWSKI Waldemar Bogdan",1,20911,3498,7.71,1.55,1,3,1,2,2,16,16,-2,-6.16,268,0,1,1,180,1,2
"SUCHANECKI Mariusz Grzegorz",2,2872,2834,1.92,0.84,9,10,2,2,36,24,24,-1,-1.08,228,0,0,1,180,0,2
"ŁUCARZ Roman",1,1640,3930,0.58,1.52,17,18,2,2,15,18,18,-1,0.94,359,0,0,1,180,1,2
"PALKI Jan Piotr",1,1274,908,0.43,0.33,17,18,2,2,14,18,20,-1,-0.1,350,0,0,1,180,1,2
"SIEDLACZEK Henryk Piotr",2,35124,20019,26.02,7.58,1,4,1,1,30,18,18,-3,-18.44,189,0,1,1,180,0,2
"MACIEJEWSKI Krzysztof",1,10837,6442,3.71,2.47,3,5,1,2,10,18,17,-2,-1.24,316,0,1,1,180,1,2
"GĘBICKA-MATUSZ Ewa",2,907,684,0.39,0.17,15,18,2,2,31,23,24,-3,-0.22,191,1,0,1,180,0,2
"KAMIŃSKI Henryk",1,2504,3477,0.82,1.26,15,20,2,2,16,20,20,-5,0.44,368,0,0,1,180,1,2
"GRABEK Anna Małgorzata",1,4713,3014,1.61,1.15,7,9,2,2,10,18,17,-2,-0.46,318,1,0,1,180,1,2
"JANIK Grzegorz Piotr",1,7570,5236,6.89,1.98,2,3,1,2,30,18,18,-1,-4.91,57,0,1,1,180,1,2
"UJAZDOWSKI Kazimierz Michał",1,73416,26221,13.2,5.28,1,2,1,1,3,28,28,-1,-7.92,270,0,1,1,180,1,2
"GROCHALA Wojciech",1,1701,673,0.43,0.2,7,16,2,2,8,24,24,-9,-0.23,305,0,0,1,180,1,2
"VAN DER COGHEN Piotr Artur",2,28657,12171,19.66,4.34,4,7,1,1,32,18,18,-3,-15.32,203,0,1,1,180,0,2
"JAGIEŁŁO Jarosław",1,24428,6596,5.78,1.82,3,13,1,2,9,20,20,-10,-3.96,310,0,1,1,180,1,2
"BODZIOCH Adam Andrzej",2,2022,1101,1.49,0.25,6,13,2,2,33,32,32,-7,-1.24,204,0,0,1,180,0,2
"GIRZYŃSKI Zbigniew",1,22154,24907,5.64,7.08,2,3,1,1,5,26,26,-1,1.44,280,0,1,1,180,1,2
"GRENDA Jarosław",2,2827,1818,0.77,0.53,6,7,2,2,18,22,23,-1,-0.24,515,0,0,1,180,0,2
"KUBAS-HUL Teresa Krystyna",2,3402,3650,2.48,0.8,4,30,2,2,23,30,30,-26,-1.68,136,1,0,1,180,0,2
"NAGUSZEWSKI Tadeusz",2,15577,3850,15.58,1.97,2,7,1,2,34,16,16,-5,-13.61,213,0,1,1,180,0,2
"SADURSKA Małgorzata Barbara",1,21420,15946,4.27,3.47,3,6,1,1,6,30,30,-3,-0.799999999999999,287,1,1,1,180,1,2
"RAMENDA Sebastian",2,2896,1613,1.08,0.67,9,14,2,2,12,15,16,-5,-0.41,486,0,0,1,180,0,2
"STULIGROSZ Michał",2,24513,10692,9.34,2.67,4,6,2,2,39,20,20,-2,-6.67,247,0,0,1,180,0,2
"HAŁAS Teresa",1,6045,4381,1.72,1.38,6,7,2,2,7,24,24,-1,-0.34,299,1,0,1,180,1,2
"NIESIOŁOWSKI Stefan",2,69385,36993,17.6,11.12,1,2,1,1,8,23,24,-1,-6.48,454,0,1,1,180,0,2
"GOŁOJUCH Kazimierz Edward",1,12781,12311,5.37,2.69,7,9,1,1,23,30,30,-2,-2.68,14,0,1,1,180,1,2
"ŻACZEK Jarosław",1,15040,11278,3,2.45,4,8,1,1,6,30,30,-4,-0.55,288,0,1,1,180,1,2
"ZARYCHTA-SURÓWKA Małgorzata",1,1673,1703,2.05,0.61,16,18,2,2,32,18,18,-2,-1.44,77,1,0,1,180,1,2
"GIŻYŃSKI Szymon Stanisław",1,28531,9146,36.12,4.07,1,2,1,1,28,14,14,-1,-32.05,48,0,1,1,180,1,2
"ZIĘTEK Jerzy",2,8870,8960,5.13,2.22,3,6,1,1,31,23,24,-3,-2.91,197,0,1,1,180,0,2
"ZARZYCKI Wojciech Szczęsny",1,6672,4158,1.74,1.22,4,6,2,2,11,24,24,-2,-0.52,323,0,0,1,180,1,2
"JANISZEWSKA Anna Maria",1,2061,2106,2.6,0.94,6,13,2,2,28,14,14,-7,-1.66,49,1,0,1,180,1,2
"GILARSKI Mirosław Jan",1,1065,1870,0.19,0.37,6,12,2,2,13,26,28,-6,0.18,335,0,0,1,180,1,2
"WARPAS Adam",1,2385,1579,0.65,0.46,11,19,2,2,18,24,24,-8,-0.19,381,0,0,1,180,1,2
"KLIM Józef Piotr",2,9938,4992,6.65,1.16,5,6,1,2,24,30,28,-1,-5.49,144,0,1,1,180,0,2
"KOZDROŃ Jerzy",2,10671,9913,4.13,2.39,4,5,1,1,25,24,24,-1,-1.74,152,0,1,1,180,0,2
"GRZĄDZIEL Andrzej",1,1782,838,0.94,0.19,11,19,2,2,33,32,32,-8,-0.75,80,0,0,1,180,1,2
"SKARBIŃSKA-POZNAŃSKA Alicja",1,965,622,1.18,0.22,11,13,2,2,32,18,18,-2,-0.96,73,1,0,1,180,1,2
"CIEŚLIK Leszek Stanisław",2,9564,5378,6.4,1.25,2,7,1,2,24,30,28,-5,-5.15,142,0,1,1,180,0,2
"ĆWIERZ Andrzej Bogusław",1,6903,5799,4.73,1.95,3,10,1,2,22,22,22,-7,-2.78,6,0,1,1,180,1,2
"PALUCH Anna",1,14972,9764,5.03,3.5,2,3,1,1,14,18,20,-1,-1.53,342,1,1,1,180,1,2
"MĘŻYDŁO Antoni",2,42052,17077,10.71,4.86,1,3,1,1,5,26,26,-2,-5.85,433,0,1,1,180,0,2
"WITCZAK Witold Jacek",1,6289,3839,2.15,1.47,5,17,2,2,10,18,17,-12,-0.68,317,0,0,1,180,1,2
"PAŃKA Urszula",2,4482,3051,2.08,0.8,10,21,2,2,41,26,23,-11,-1.28,261,1,0,1,180,0,2
"KRACZKOWSKI Maks",1,11756,10389,18.12,4,1,2,1,1,38,18,18,-1,-14.12,106,0,1,1,180,1,2
"SUCHOWIEJKO Wiesław Jacek",2,5967,8724,5.27,4.06,4,6,2,1,40,16,16,-2,-1.21,254,0,0,1,180,0,2
"SIPIERA Zdzisław Tadeusz",1,3499,844,0.76,0.19,6,12,2,2,20,22,24,-6,-0.57,397,0,0,1,180,1,2
"KORCZ Jolanta",1,991,1404,1.05,0.35,10,18,2,2,39,20,20,-8,-0.7,108,1,0,1,180,1,2
"KOWALSKI Bogusław",1,7259,5196,1.97,1.52,5,6,1,2,18,24,24,-1,-0.45,379,0,1,1,180,1,2
